,State,State Code,District,Party,Candidate,Incumbment,Vote,Pct%,,state,
0,Alabama,AL,1st,Republican,Carl,incumbment,"139,854",84.20%,,Alabama,20
1,Alabama,AL,1st,Libertarian Party,Remrey,/,"26,197",15.80%,,Alaska,5
2,Alabama,AL,2nd,Republican,Moore,incumbment,"137,193",69.20%,,Arizona,17
3,Alabama,AL,2nd,Democratic,Harvey-Hall,/,"57,800",29.10%,,Arkansas,11
4,Alabama,AL,2nd,Libertarian Party,Realz,/,"3,380",1.70%,,California,104
5,Alabama,AL,3rd,Republican,Rogers,incumbment,"135,448",71.30%,,Colorado,27
6,Alabama,AL,3rd,Democratic,Veasey,/,"47,770",25.10%,,Connecticut,15
7,Alabama,AL,3rd,,Bell ,/,"3,826",2.00%,,Delaware,4
8,Alabama,AL,3rd,Libertarian Party,Casson,/,"3,027",1.60%,,District of Columbia,0
9,Alabama,AL,4th,Republican,Aderholt,incumbment,"164,371",84.20%,,Florida,63
10,Alabama,AL,4th,Democratic,Neighbors,/,"26,628",13.60%,,Georgia,28
11,Alabama,AL,4th,Libertarian Party,Cochran,/,"4,294",2.20%,,Hawaii,5
12,Alabama,AL,5th,Republican,Strong,/,"141,988",67.20%,,Idaho,5
13,Alabama,AL,5th,Democratic,Warner-Stanton,/,"62,466",29.60%,,Illinois,35
14,Alabama,AL,5th,Libertarian Party,Greer,/,"6,740",3.20%,,Indiana,26
15,Alabama,AL,6th,Republican,Palmer,incumbment,"154,058",84.70%,,Iowa,9
16,Alabama,AL,6th,Libertarian Party,Chieffo,/,"27,792",15.30%,,Kansas,9
17,Alabama,AL,7th,Democratic,Sewell,incumbment,"123,060",63.60%,,Kentucky,13
18,Alabama,AL,7th,Republican,Nichols,/,"67,353",34.80%,,Louisiana,22
19,Alabama,AL,7th,Libertarian Party,Goodman,/,"3,207",1.70%,,Maine,6
20,Alaska,AK,,Democratic,Mary Peltola,incumbment,"136,893",54.90%,,Maryland,18
21,Alaska,AK,,Republican,Sarah Palin,/,"112,255",45.10%,,Massachusetts,18
22,Alaska,AK,,Republican,Nick Begich,/,0,0.00%,,Michigan,45
23,Alaska,AK,,Libertarian Party,Chris Bye,/,0,0.00%,,Minnesota,20
24,Alaska,AK,,,Total Write-Ins ,/,0,0.00%,,Mississippi,9
25,Arizona,AZ,1st,Republican,Schweikert,incumbment,"182,336",50.40%,,Missouri,23
26,Arizona,AZ,1st,Democratic,Hodge,/,"179,141",49.60%,,Montana,7
27,Arizona,AZ,2nd,Republican,Crane,/,"174,169",53.90%,,Nebraska,7
28,Arizona,AZ,2nd,Democratic,O'Halleran,incumbment,"149,150",46.10%,,Nevada,11
29,Arizona,AZ,3rd,Democratic,Gallego,incumbment,"108,599",77.00%,,New Hampshire,4
30,Arizona,AZ,3rd,Republican,Zink,/,"32,475",23.00%,,New Jersey,53
31,Arizona,AZ,4th,Democratic,Stanton,incumbment,"148,941",56.10%,,New Mexico,6
32,Arizona,AZ,4th,Republican,Cooper,/,"116,521",43.90%,,New York,54
33,Arizona,AZ,5th,Republican,Biggs,incumbment,"182,464",56.70%,,North Carolina,30
34,Arizona,AZ,5th,Democratic,Ramos,/,"120,243",37.40%,,North Dakota,2
35,Arizona,AZ,5th,Independent,Smith,/,"18,851",5.90%,,Ohio,30
36,Arizona,AZ,6th,Republican,Ciscomani,/,"177,201",50.70%,,Oklahoma,13
37,Arizona,AZ,6th,Democratic,Engel,/,"171,969",49.30%,,Oregon,17
38,Arizona,AZ,7th,Democratic,Grijalva,incumbment,"126,418",64.50%,,Pennsylvania,32
39,Arizona,AZ,7th,Republican,Pozzolo,/,"69,444",35.50%,,Rhode Island,5
40,Arizona,AZ,8th,Republican,Lesko,incumbment,,Uncontested,,South Carolina,14
41,Arizona,AZ,9th,Republican,Gosar,incumbment,,Uncontested,,South Dakota,2
42,Arkansas,AR,1st,Republican,Crawford,incumbment,"152,933",73.80%,,Tennessee,36
43,Arkansas,AR,1st,Democratic,Hodges,/,"54,240",26.20%,,Texas,88
44,Arkansas,AR,2nd,Republican,Hill,incumbment,"147,700",60.10%,,Utah,14
45,Arkansas,AR,2nd,Democratic,Hathaway,/,"86,553",35.20%,,Vermont,6
46,Arkansas,AR,2nd,Libertarian Party,White,/,"11,564",4.70%,,Virginia,24
47,Arkansas,AR,3rd,Republican,Womack,incumbment,"142,270",63.70%,,Washington,20
48,Arkansas,AR,3rd,Democratic,Mallett-Hays,/,"73,446",32.90%,,West Virginia,5
49,Arkansas,AR,3rd,Libertarian Party,Kalagias,/,"7,637",3.40%,,Wisconsin,19
50,Arkansas,AR,4th,Republican,Westerman,incumbment,"153,694",71.00%,,Wyoming,4
51,Arkansas,AR,4th,Democratic,White,/,"56,661",26.20%,,,
52,Arkansas,AR,4th,Libertarian Party,Maxwell,/,"6,087",2.80%,,,
53,California,CA,1st,Republican,LaMalfa,incumbment,"152,839",62.10%,,,
54,California,CA,1st,Democratic,Steiner,/,"93,386",37.90%,,,
55,California,CA,2nd,Democratic,Huffman,incumbment,"229,720",74.40%,,,
56,California,CA,2nd,Republican,Brower,/,"79,029",25.60%,,,
57,California,CA,3rd,Republican,Kiley,/,"181,438",53.60%,,,
58,California,CA,3rd,Democratic,Jones,/,"156,761",46.40%,,,
59,California,CA,4th,Democratic,Thompson,incumbment,"176,900",67.80%,,,
60,California,CA,4th,Republican,Brock,/,"84,007",32.20%,,,
61,California,CA,5th,Republican,McClintock,incumbment,"173,524",61.30%,,,
62,California,CA,5th,Democratic,Barkley,/,"109,506",38.70%,,,
63,California,CA,6th,Democratic,Bera,incumbment,"121,058",55.90%,,,
64,California,CA,6th,Republican,Hamilton,/,"95,325",44.10%,,,
65,California,CA,7th,Democratic,Matsui,incumbment,"150,618",68.30%,,,
66,California,CA,7th,Republican,Semenenko,/,"70,033",31.70%,,,
67,California,CA,8th,Democratic,Garamendi,incumbment,"145,501",75.70%,,,
68,California,CA,8th,Republican,Recile,/,"46,634",24.30%,,,
69,California,CA,9th,Democratic,Harder,incumbment,"95,598",54.80%,,,
70,California,CA,9th,Republican,Patti,/,"78,802",45.20%,,,
71,California,CA,10th,Democratic,DeSaulnier,incumbment,"198,415",78.90%,,,
72,California,CA,10th,,Kerr,/,"52,965",21.10%,,,
73,California,CA,11th,Democratic,Pelosi,incumbment,"220,848",84.00%,,,
74,California,CA,11th,Republican,Dennis,/,"42,217",16.00%,,,
75,California,CA,12th,Democratic,Lee,incumbment,"217,110",90.50%,,,
76,California,CA,12th,Republican,Slauson,/,"22,859",9.50%,,,
77,California,CA,13th,Republican,Duarte,/,"67,060",50.20%,,,
78,California,CA,13th,Democratic,Gray,/,"66,496",49.80%,,,
79,California,CA,14th,Democratic,Swalwell,incumbment,"137,612",69.30%,,,
80,California,CA,14th,Republican,Hayden,/,"60,852",30.70%,,,
81,California,CA,15th,Democratic,Mullin,/,"108,077",55.50%,,,
82,California,CA,15th,Democratic,Canepa,/,"86,797",44.50%,,,
83,California,CA,16th,Democratic,Eshoo,incumbment,"139,235",57.80%,,,
84,California,CA,16th,Democratic,Kumar,/,"101,772",42.20%,,,
85,California,CA,17th,Democratic,Khanna,incumbment,"127,853",70.90%,,,
86,California,CA,17th,Republican,Tandon,/,"52,400",29.10%,,,
87,California,CA,18th,Democratic,Lofgren,incumbment,"99,776",65.90%,,,
88,California,CA,18th,Republican,Hernandez,/,"51,737",34.10%,,,
89,California,CA,19th,Democratic,Panetta,incumbment,"194,494",68.70%,,,
90,California,CA,19th,Republican,Gorman,/,"88,816",31.30%,,,
91,California,CA,20th,Republican,McCarthy,incumbment,"153,844",67.20%,,,
92,California,CA,20th,Democratic,Wood,/,"74,932",32.80%,,,
93,California,CA,21st,Democratic,Costa,incumbment,"68,074",54.20%,,,
94,California,CA,21st,Republican,Maher,/,"57,573",45.80%,,,
95,California,CA,22nd,Republican,Valadao,incumbment,"52,993",51.50%,,,
96,California,CA,22nd,Democratic,Salas,/,"49,859",48.50%,,,
97,California,CA,23rd,Republican,Obernolte,incumbment,"103,197",61.00%,,,
98,California,CA,23rd,Democratic,Marshall,/,"65,908",39.00%,,,
99,California,CA,24th,Democratic,Carbajal,incumbment,"159,019",60.60%,,,
100,California,CA,24th,Republican,Allen,/,"103,533",39.40%,,,
101,California,CA,25th,Democratic,Ruiz,incumbment,"87,641",57.40%,,,
102,California,CA,25th,Republican,Hawkins,/,"65,101",42.60%,,,
103,California,CA,26th,Democratic,Brownley,incumbment,"134,575",54.50%,,,
104,California,CA,26th,Republican,Jacobs,/,"112,214",45.50%,,,
105,California,CA,27th,Republican,Garcia,incumbment,"104,624",53.20%,,,
106,California,CA,27th,Democratic,Smith,/,"91,892",46.80%,,,
107,California,CA,28th,Democratic,Chu,incumbment,"150,062",66.20%,,,
108,California,CA,28th,Republican,Hallman,/,"76,495",33.80%,,,
109,California,CA,29th,Democratic,Cardenas,incumbment,"69,915",58.50%,,,
110,California,CA,29th,Democratic,Duenas,/,"49,520",41.50%,,,
111,California,CA,30th,Democratic,Schiff,incumbment,"150,100",71.10%,,,
112,California,CA,30th,Democratic,Pudlo,/,"60,968",28.90%,,,
113,California,CA,31st,Democratic,Napolitano,incumbment,"91,472",59.50%,,,
114,California,CA,31st,Republican,Martinez,/,"62,153",40.50%,,,
115,California,CA,32nd,Democratic,Sherman,incumbment,"167,411",69.20%,,,
116,California,CA,32nd,Republican,Volotzky,/,"74,618",30.80%,,,
117,California,CA,33rd,Democratic,Aguilar,incumbment,"76,588",57.70%,,,
118,California,CA,33rd,Republican,Porter,/,"56,119",42.30%,,,
119,California,CA,34th,Democratic,Gomez,incumbment,"62,244",51.20%,,,
120,California,CA,34th,Democratic,Kim,/,"59,223",48.80%,,,
121,California,CA,35th,Democratic,Torres,incumbment,"75,121",57.40%,,,
122,California,CA,35th,Republican,Cargile,/,"55,832",42.60%,,,
123,California,CA,36th,Democratic,Lieu,incumbment,"194,299",69.80%,,,
124,California,CA,36th,Republican,Collins,/,"84,264",30.20%,,,
125,California,CA,37th,Democratic,Kamlager,/,"84,338",64.00%,,,
126,California,CA,37th,Democratic,Perry,/,"47,542",36.00%,,,
127,California,CA,38th,Democratic,Sanchez,incumbment,"101,260",58.10%,,,
128,California,CA,38th,Republican,Ching,/,"73,051",41.90%,,,
129,California,CA,39th,Democratic,Takano,incumbment,"75,896",57.70%,,,
130,California,CA,39th,Republican,Smith,/,"55,701",42.30%,,,
131,California,CA,40th,Republican,Kim,incumbment,"161,589",56.80%,,,
132,California,CA,40th,Democratic,Mahmood,/,"122,722",43.20%,,,
133,California,CA,41st,Republican,Calvert,incumbment,"123,869",52.30%,,,
134,California,CA,41st,Democratic,Rollins,/,"112,769",47.70%,,,
135,California,CA,42nd,Democratic,Garcia,/,"99,217",68.40%,,,
136,California,CA,42nd,Republican,Briscoe,/,"45,903",31.60%,,,
137,California,CA,43rd,Democratic,Waters,incumbment,"95,462",77.30%,,,
138,California,CA,43rd,Republican,Navarro,/,"27,985",22.70%,,,
139,California,CA,44th,Democratic,Barragan,incumbment,"100,160",72.20%,,,
140,California,CA,44th,Republican,Jones,/,"38,554",27.80%,,,
141,California,CA,45th,Republican,Steel,incumbment,"113,960",52.40%,,,
142,California,CA,45th,Democratic,Chen,/,"103,466",47.60%,,,
143,California,CA,46th,Democratic,Correa,incumbment,"78,041",61.80%,,,
144,California,CA,46th,Republican,Gonzales,/,"48,257",38.20%,,,
145,California,CA,47th,Democratic,Porter,incumbment,"137,374",51.70%,,,
146,California,CA,47th,Republican,Baugh,/,"128,261",48.30%,,,
147,California,CA,48th,Republican,Issa,incumbment,"155,171",60.40%,,,
148,California,CA,48th,Democratic,Houlahan,/,"101,900",39.60%,,,
149,California,CA,49th,Democratic,Levin,incumbment,"153,541",52.60%,,,
150,California,CA,49th,Republican,Maryott,/,"138,194",47.40%,,,
151,California,CA,50th,Democratic,Peters,incumbment,"168,816",62.80%,,,
152,California,CA,50th,Republican,Gustafson,/,"99,819",37.20%,,,
153,California,CA,51st,Democratic,Jacobs,incumbment,"144,186",61.90%,,,
154,California,CA,51st,Republican,Caplan,/,"88,886",38.10%,,,
155,California,CA,52nd,Democratic,Vargas,incumbment,"100,686",66.70%,,,
156,California,CA,52nd,Republican,Geffeney,/,"50,330",33.30%,,,
157,Colorado,CO,1st,Democratic,DeGette,incumbment,"226,929",80.30%,,,
158,Colorado,CO,1st,Republican,Qualteri,/,"49,530",17.50%,,,
159,Colorado,CO,1st,Libertarian Party,Kittleson,/,"6,157",2.20%,,,
160,Colorado,CO,2nd,Democratic,Neguse,incumbment,"244,107",70.00%,,,
161,Colorado,CO,2nd,Republican,Dawson,/,"97,700",28.00%,,,
162,Colorado,CO,2nd,,Yurash ,/,"2,876",0.80%,,,
163,Colorado,CO,2nd,,Nation ,/,"2,188",0.60%,,,
164,Colorado,CO,2nd,,Wolf ,/,"1,968",0.60%,,,
165,Colorado,CO,3rd,Republican,Boebert,incumbment,"163,839",50.10%,,,
166,Colorado,CO,3rd,Democratic,Frisch,/,"163,293",49.90%,,,
167,Colorado,CO,4th,Republican,Buck,incumbment,"216,024",60.90%,,,
168,Colorado,CO,4th,Democratic,McCorkle,/,"129,619",36.60%,,,
169,Colorado,CO,4th,,McGonigal ,/,"8,870",2.50%,,,
170,Colorado,CO,5th,Republican,Lamborn,incumbment,"155,528",56.00%,,,
171,Colorado,CO,5th,Democratic,Torres,/,"111,978",40.30%,,,
172,Colorado,CO,5th,Libertarian Party,Flanagan,/,"7,079",2.50%,,,
173,Colorado,CO,5th,,Mitchell ,/,"3,370",1.20%,,,
174,Colorado,CO,6th,Democratic,Crow,incumbment,"170,140",60.60%,,,
175,Colorado,CO,6th,Republican,Monahan,/,"105,084",37.40%,,,
176,Colorado,CO,6th,Libertarian Party,Mulder,/,"5,531",2.00%,,,
177,Colorado,CO,7th,Democratic,Pettersen,/,"204,984",56.40%,,,
178,Colorado,CO,7th,Republican,Aadland,/,"150,510",41.40%,,,
179,Colorado,CO,7th,Libertarian Party,Klopf,/,"6,187",1.70%,,,
180,Colorado,CO,7th,,Milton ,/,"1,828",0.50%,,,
181,Colorado,CO,8th,Democratic,Caraveo,/,"114,377",48.40%,,,
182,Colorado,CO,8th,Republican,Kirkmeyer,/,"112,745",47.70%,,,
183,Colorado,CO,8th,Libertarian Party,Ward,/,"9,280",3.90%,,,
184,Connecticut,CT,1st,Democratic,Larson,incumbment,"150,355",61.40%,,,
185,Connecticut,CT,1st,Republican,Lazor,/,"91,536",37.40%,,,
186,Connecticut,CT,1st,,Sanders,/,"2,848",1.20%,,,
187,Connecticut,CT,2nd,Democratic,Courtney,incumbment,"165,947",58.20%,,,
188,Connecticut,CT,2nd,Republican,France,/,"114,504",40.20%,,,
189,Connecticut,CT,2nd,,Blacker,/,"2,437",0.90%,,,
190,Connecticut,CT,2nd,Libertarian Party,Hall,/,"2,140",0.80%,,,
191,Connecticut,CT,3rd,Democratic,DeLauro,incumbment,"137,924",56.80%,,,
192,Connecticut,CT,3rd,Republican,DeNardis,/,"98,704",40.70%,,,
193,Connecticut,CT,3rd,Independent,Chai,/,"4,056",1.70%,,,
194,Connecticut,CT,3rd,,Paglino,/,"1,967",0.80%,,,
195,Connecticut,CT,4th,Democratic,Himes,incumbment,"140,246",59.50%,,,
196,Connecticut,CT,4th,Republican,Stevenson,/,"95,518",40.50%,,,
197,Connecticut,CT,5th,Democratic,Hayes,incumbment,"127,795",50.40%,,,
198,Connecticut,CT,5th,Republican,Logan,/,"125,834",49.60%,,,
199,Delaware,DE,,Democratic,Lisa Rochester,incumbment,"178,416",55.50%,,,
200,Delaware,DE,,Republican,Lee Murphy,/,"138,201",43.00%,,,
201,Delaware,DE,,Libertarian Party,Cody McNutt,/,"3,074",1.00%,,,
202,Delaware,DE,,,David Rogers ,/,"1,958",0.60%,,,
203,Florida,FL,1st,Republican,Gaetz,incumbment,"197,320",67.90%,,,
204,Florida,FL,1st,Democratic,Jones,/,"93,416",32.10%,,,
205,Florida,FL,2nd,Republican,Dunn,incumbment,"180,218",59.80%,,,
206,Florida,FL,2nd,Democratic,Lawson,incumbment,"121,120",40.20%,,,
207,Florida,FL,3rd,Republican,Cammack,incumbment,"178,090",62.50%,,,
208,Florida,FL,3rd,Democratic,Hawk,/,"103,342",36.30%,,,
209,Florida,FL,3rd,,Brooks ,/,"3,410",1.20%,,,
210,Florida,FL,4th,Republican,Bean,/,"165,678",60.50%,,,
211,Florida,FL,4th,Democratic,Holloway,/,"108,358",39.50%,,,
212,Florida,FL,5th,Republican,Rutherford,incumbment,,Uncontested,,,
213,Florida,FL,6th,Republican,Waltz,incumbment,"226,490",75.30%,,,
214,Florida,FL,6th,Libertarian Party,Hannoush,/,"74,173",24.70%,,,
215,Florida,FL,7th,Republican,Mills,/,"177,957",58.50%,,,
216,Florida,FL,7th,Democratic,Green,/,"126,052",41.50%,,,
217,Florida,FL,8th,Republican,Posey,incumbment,"222,119",64.90%,,,
218,Florida,FL,8th,Democratic,Terry,/,"120,050",35.10%,,,
219,Florida,FL,9th,Democratic,Soto,incumbment,"108,522",53.60%,,,
220,Florida,FL,9th,Republican,Moore,/,"93,815",46.40%,,,
221,Florida,FL,10th,Democratic,Frost,/,"117,929",59.00%,,,
222,Florida,FL,10th,Republican,Wimbish,/,"78,838",39.40%,,,
223,Florida,FL,10th,,Holic ,/,"2,001",1.00%,,,
224,Florida,FL,10th,,Jain ,/,"1,110",0.60%,,,
225,Florida,FL,11th,Republican,Webster,incumbment,"205,989",63.10%,,,
226,Florida,FL,11th,Democratic,Munns,/,"115,629",35.40%,,,
227,Florida,FL,11th,,Porter ,/,"4,967",1.50%,,,
228,Florida,FL,12th,Republican,Bilirakis,incumbment,"226,579",70.40%,,,
229,Florida,FL,12th,Democratic,Walker,/,"95,368",29.60%,,,
230,Florida,FL,13th,Republican,Luna,/,"181,473",53.10%,,,
231,Florida,FL,13th,Democratic,Lynn,/,"153,839",45.10%,,,
232,Florida,FL,13th,Libertarian Party,Craft,/,"6,158",1.80%,,,
233,Florida,FL,14th,Democratic,Castor,incumbment,"149,689",56.90%,,,
234,Florida,FL,14th,Republican,Judge,/,"113,408",43.10%,,,
235,Florida,FL,15th,Republican,Lee,/,"145,211",58.50%,,,
236,Florida,FL,15th,Democratic,Cohn,/,"102,816",41.50%,,,
237,Florida,FL,16th,Republican,Buchanan,incumbment,"189,738",62.20%,,,
238,Florida,FL,16th,Democratic,Schneider,/,"115,537",37.80%,,,
239,Florida,FL,17th,Republican,Steube,incumbment,"222,433",63.80%,,,
240,Florida,FL,17th,Democratic,Kale,/,"123,739",35.50%,,,
241,Florida,FL,17th,,Murray ,/,"2,222",0.60%,,,
242,Florida,FL,18th,Republican,Franklin,incumbment,"167,393",74.70%,,,
243,Florida,FL,18th,,Hayden ,/,"56,622",25.30%,,,
244,Florida,FL,19th,Republican,Donalds,incumbment,"213,032",68.00%,,,
245,Florida,FL,19th,Democratic,Banyai,/,"100,198",32.00%,,,
246,Florida,FL,20th,Democratic,Cherfilus-McCormick,incumbment,"136,192",72.30%,,,
247,Florida,FL,20th,Republican,Clark,/,"52,150",27.70%,,,
248,Florida,FL,21st,Republican,Mast,incumbment,"208,592",63.50%,,,
249,Florida,FL,21st,Democratic,Balderramos Robinson,/,"119,859",36.50%,,,
250,Florida,FL,22nd,Democratic,Frankel,incumbment,"149,977",55.10%,,,
251,Florida,FL,22nd,Republican,Franzese,/,"122,187",44.90%,,,
252,Florida,FL,23rd,Democratic,Moskowitz,/,"143,897",51.60%,,,
253,Florida,FL,23rd,Republican,Budd,/,"130,669",46.80%,,,
254,Florida,FL,23rd,,Scott ,/,"3,079",1.10%,,,
255,Florida,FL,23rd,,Napier ,/,"1,338",0.50%,,,
256,Florida,FL,24th,Democratic,Wilson,incumbment,"133,416",71.80%,,,
257,Florida,FL,24th,Republican,Navarro,/,"52,442",28.20%,,,
258,Florida,FL,25th,Democratic,Wasserman Schultz,incumbment,"129,085",55.10%,,,
259,Florida,FL,25th,Republican,Spalding,/,"105,227",44.90%,,,
260,Florida,FL,26th,Republican,Diaz-Balart,incumbment,"143,226",70.90%,,,
261,Florida,FL,26th,Democratic,Olivo,/,"58,838",29.10%,,,
262,Florida,FL,27th,Republican,Salazar,incumbment,"136,031",57.30%,,,
263,Florida,FL,27th,Democratic,Taddeo,/,"101,370",42.70%,,,
264,Florida,FL,28th,Republican,Gimenez,incumbment,"134,456",63.70%,,,
265,Florida,FL,28th,Democratic,Asencio,/,"76,647",36.30%,,,
266,Georgia,GA,1st,Republican,Carter,incumbment,"156,016",59.20%,,,
267,Georgia,GA,1st,Democratic,Herring,/,"107,662",40.80%,,,
268,Georgia,GA,2nd,Democratic,Bishop,incumbment,"132,501",55.00%,,,
269,Georgia,GA,2nd,Republican,West,/,"108,579",45.00%,,,
270,Georgia,GA,3rd,Republican,Ferguson,incumbment,"213,461",68.80%,,,
271,Georgia,GA,3rd,Democratic,Almonord,/,"96,799",31.20%,,,
272,Georgia,GA,4th,Democratic,Johnson,incumbment,"216,247",78.50%,,,
273,Georgia,GA,4th,Republican,Chavez,/,"59,272",21.50%,,,
274,Georgia,GA,5th,Democratic,Williams,incumbment,"243,471",82.50%,,,
275,Georgia,GA,5th,Republican,Zimm,/,"51,754",17.50%,,,
276,Georgia,GA,6th,Republican,McCormick,/,"206,783",62.20%,,,
277,Georgia,GA,6th,Democratic,Christian,/,"125,552",37.80%,,,
278,Georgia,GA,7th,Democratic,McBath,incumbment,"142,852",61.00%,,,
279,Georgia,GA,7th,Republican,Gonsalves,/,"91,195",39.00%,,,
280,Georgia,GA,8th,Republican,Scott,incumbment,"178,601",68.60%,,,
281,Georgia,GA,8th,Democratic,Butler,/,"81,773",31.40%,,,
282,Georgia,GA,9th,Republican,Clyde,incumbment,"212,672",72.40%,,,
283,Georgia,GA,9th,Democratic,Ford,/,"81,206",27.60%,,,
284,Georgia,GA,10th,Republican,Collins,/,"198,413",64.50%,,,
285,Georgia,GA,10th,Democratic,Johnson-Green,/,"109,075",35.50%,,,
286,Georgia,GA,11th,Republican,Loudermilk,incumbment,"190,035",62.60%,,,
287,Georgia,GA,11th,Democratic,Daza,/,"113,535",37.40%,,,
288,Georgia,GA,12th,Republican,Allen,incumbment,"157,951",59.60%,,,
289,Georgia,GA,12th,Democratic,Johnson,/,"107,089",40.40%,,,
290,Georgia,GA,13th,Democratic,Scott,incumbment,"216,150",81.80%,,,
291,Georgia,GA,13th,Republican,Gonzales,/,"48,209",18.20%,,,
292,Georgia,GA,14th,Republican,Greene,incumbment,"170,003",65.90%,,,
293,Georgia,GA,14th,Democratic,Flowers,/,"88,074",34.10%,,,
294,Hawaii,HI,1st,Democratic,Case,incumbment,"142,742",73.70%,,,
295,Hawaii,HI,1st,Republican,Kress,/,"50,833",26.30%,,,
296,Hawaii,HI,2nd,Democratic,Tokuda,/,"127,995",62.30%,,,
297,Hawaii,HI,2nd,Republican,Akana,/,"72,455",35.20%,,,
298,Hawaii,HI,2nd,Libertarian Party,Tippens,/,"5,108",2.50%,,,
299,Idaho,ID,1st,Republican,Fulcher,incumbment,"222,891",71.30%,,,
300,Idaho,ID,1st,Democratic,Peterson,/,"82,261",26.30%,,,
301,Idaho,ID,1st,Libertarian Party,Drake,/,"7,274",2.30%,,,
302,Idaho,ID,2nd,Republican,Simpson,incumbment,"172,456",63.60%,,,
303,Idaho,ID,2nd,Democratic,Norman,/,"98,635",36.40%,,,
304,Illinois,IL,1st,Democratic,Jackson,/,"151,468",66.30%,,,
305,Illinois,IL,1st,Republican,Carlson,/,"77,146",33.70%,,,
306,Illinois,IL,2nd,Democratic,Kelly,incumbment,"137,854",66.80%,,,
307,Illinois,IL,2nd,Republican,Lynch,/,"68,369",33.20%,,,
308,Illinois,IL,3rd,Democratic,Ramirez,/,"111,799",67.00%,,,
309,Illinois,IL,3rd,Republican,Burau,/,"55,063",33.00%,,,
310,Illinois,IL,4th,Democratic,Garcia,incumbment,"87,987",68.00%,,,
311,Illinois,IL,4th,Republican,Falakos,/,"36,960",28.60%,,,
312,Illinois,IL,4th,,Hershey ,/,"4,435",3.40%,,,
313,Illinois,IL,5th,Democratic,Quigley,incumbment,"172,040",67.90%,,,
314,Illinois,IL,5th,Republican,Hanson,/,"77,185",30.50%,,,
315,Illinois,IL,5th,Independent,Cruz,/,"4,135",1.60%,,,
316,Illinois,IL,6th,Democratic,Casten,incumbment,"148,279",54.10%,,,
317,Illinois,IL,6th,Republican,Pekau,/,"125,625",45.90%,,,
318,Illinois,IL,7th,Democratic,Davis,incumbment,,Uncontested,,,
319,Illinois,IL,8th,Democratic,Krishnamoorthi,incumbment,"117,475",56.90%,,,
320,Illinois,IL,8th,Republican,Dargis,/,"89,151",43.10%,,,
321,Illinois,IL,9th,Democratic,Schakowsky,incumbment,"169,009",70.90%,,,
322,Illinois,IL,9th,Republican,Rice,/,"69,324",29.10%,,,
323,Illinois,IL,10th,Democratic,Schneider,incumbment,"144,489",62.30%,,,
324,Illinois,IL,10th,Republican,Severino,/,"87,528",37.70%,,,
325,Illinois,IL,11th,Democratic,Foster,incumbment,"145,303",56.10%,,,
326,Illinois,IL,11th,Republican,Lauf,/,"113,650",43.90%,,,
327,Illinois,IL,12th,Republican,Bost,incumbment,"213,438",75.40%,,,
328,Illinois,IL,12th,Democratic,Markel,/,"69,581",24.60%,,,
329,Illinois,IL,13th,Democratic,Budzinski,/,"136,123",55.90%,,,
330,Illinois,IL,13th,Republican,Deering,/,"107,357",44.10%,,,
331,Illinois,IL,14th,Democratic,Underwood,incumbment,"127,458",54.10%,,,
332,Illinois,IL,14th,Republican,Gryder,/,"108,045",45.90%,,,
333,Illinois,IL,15th,Republican,Miller,incumbment,"209,191",71.40%,,,
334,Illinois,IL,15th,Democratic,Lange,/,"83,765",28.60%,,,
335,Illinois,IL,16th,Republican,LaHood,incumbment,"196,009",66.60%,,,
336,Illinois,IL,16th,Democratic,Haderlein,/,"98,188",33.40%,,,
337,Illinois,IL,17th,Democratic,Sorensen,/,"119,601",51.80%,,,
338,Illinois,IL,17th,Republican,King,/,"111,457",48.20%,,,
339,Indiana,IN,1st,Democratic,Mrvan,incumbment,"112,539",52.80%,,,
340,Indiana,IN,1st,Republican,Green,/,"100,486",47.20%,,,
341,Indiana,IN,2nd,Republican,Yakym,/,"125,222",64.60%,,,
342,Indiana,IN,2nd,Democratic,Steury,/,"62,726",32.40%,,,
343,Indiana,IN,2nd,Libertarian Party,Henry,/,"5,782",3.00%,,,
344,Indiana,IN,2nd,Republican,Yakym,/,"118,650",63.50%,,,
345,Indiana,IN,2nd,Democratic,Steury,/,"62,547",33.50%,,,
346,Indiana,IN,2nd,Libertarian Party,Henry,/,"5,588",3.00%,,,
347,Indiana,IN,3rd,Republican,Banks,incumbment,"131,252",65.30%,,,
348,Indiana,IN,3rd,Democratic,Snyder,/,"60,312",30.00%,,,
349,Indiana,IN,3rd,Independent,Gotsch,/,"9,354",4.70%,,,
350,Indiana,IN,4th,Republican,Baird,incumbment,"134,442",68.20%,,,
351,Indiana,IN,4th,Democratic,Day,/,"62,668",31.80%,,,
352,Indiana,IN,5th,Republican,Spartz,incumbment,"146,496",61.10%,,,
353,Indiana,IN,5th,Democratic,Lake,/,"93,373",38.90%,,,
354,Indiana,IN,6th,Republican,Pence,incumbment,"130,482",67.50%,,,
355,Indiana,IN,6th,Democratic,Wirth,/,"62,743",32.50%,,,
356,Indiana,IN,7th,Democratic,Carson,incumbment,"116,870",66.90%,,,
357,Indiana,IN,7th,Republican,Grabovsky,/,"53,487",30.60%,,,
358,Indiana,IN,7th,Libertarian Party,Maple,/,"4,227",2.40%,,,
359,Indiana,IN,8th,Republican,Bucshon,incumbment,"141,746",65.70%,,,
360,Indiana,IN,8th,Democratic,McCormick,/,"67,947",31.50%,,,
361,Indiana,IN,8th,Libertarian Party,Horning,/,"5,930",2.80%,,,
362,Indiana,IN,9th,Republican,Houchin,/,"138,765",62.90%,,,
363,Indiana,IN,9th,Democratic,Fyfe,/,"75,631",34.30%,,,
364,Indiana,IN,9th,Libertarian Party,Millis,/,"6,370",2.90%,,,
365,Iowa,IA,1st,Republican,Miller-Meeks,incumbment,"162,947",53.40%,,,
366,Iowa,IA,1st,Democratic,Bohannan,/,"142,223",46.60%,,,
367,Iowa,IA,2nd,Republican,Hinson,incumbment,"172,167",54.10%,,,
368,Iowa,IA,2nd,Democratic,Mathis,/,"145,930",45.90%,,,
369,Iowa,IA,3rd,Republican,Nunn,/,"156,261",50.30%,,,
370,Iowa,IA,3rd,Democratic,Axne,incumbment,"154,117",49.70%,,,
371,Iowa,IA,4th,Republican,Feenstra,incumbment,"186,467",67.40%,,,
372,Iowa,IA,4th,Democratic,Melton,/,"84,229",30.40%,,,
373,Iowa,IA,4th,,Holder ,/,"6,035",2.20%,,,
374,Kansas,KS,1st,Republican,Mann,incumbment,"159,258",67.80%,,,
375,Kansas,KS,1st,Democratic,Beard,/,"75,726",32.20%,,,
376,Kansas,KS,2nd,Republican,LaTurner,incumbment,"132,765",57.60%,,,
377,Kansas,KS,2nd,Democratic,Schmidt,/,"97,580",42.40%,,,
378,Kansas,KS,3rd,Democratic,Davids,incumbment,"163,138",54.90%,,,
379,Kansas,KS,3rd,Republican,Adkins,/,"127,164",42.80%,,,
380,Kansas,KS,3rd,Libertarian Party,Hohe,/,"6,803",2.30%,,,
381,Kansas,KS,4th,Republican,Estes,incumbment,"142,863",63.50%,,,
382,Kansas,KS,4th,Democratic,Hernandez,/,"82,138",36.50%,,,
383,Kentucky,KY,1st,Republican,Comer,incumbment,"184,103",74.90%,,,
384,Kentucky,KY,1st,Democratic,Ausbrooks,/,"61,693",25.10%,,,
385,Kentucky,KY,2nd,Republican,Guthrie,incumbment,"170,486",71.90%,,,
386,Kentucky,KY,2nd,Democratic,Linderman,/,"66,767",28.10%,,,
387,Kentucky,KY,3rd,Democratic,McGarvey,/,"160,853",62.00%,,,
388,Kentucky,KY,3rd,Republican,Ray,/,"98,622",38.00%,,,
389,Kentucky,KY,4th,Republican,Massie,incumbment,"167,541",65.00%,,,
390,Kentucky,KY,4th,Democratic,Lehman,/,"79,977",31.00%,,,
391,Kentucky,KY,4th,Independent,Osborne,/,"10,111",3.90%,,,
392,Kentucky,KY,5th,Republican,Rogers,incumbment,"177,714",82.20%,,,
393,Kentucky,KY,5th,Democratic,Halbleib,/,"38,549",17.80%,,,
394,Kentucky,KY,6th,Republican,Barr,incumbment,"154,760",65.10%,,,
395,Kentucky,KY,6th,Democratic,Young,/,"83,003",34.90%,,,
396,Louisiana,LA,1st,Republican,Scalise,incumbment,"177,642",72.80%,,,
397,Louisiana,LA,1st,Democratic,Darling,/,"61,458",25.20%,,,
398,Louisiana,LA,1st,Libertarian Party,Kearney,/,"4,906",2.00%,,,
399,Louisiana,LA,2nd,Democratic,Carter,incumbment,"158,120",77.10%,,,
400,Louisiana,LA,2nd,Republican,Lux,/,"46,926",22.90%,,,
401,Louisiana,LA,3rd,Republican,Higgins,incumbment,"144,423",64.30%,,,
402,Louisiana,LA,3rd,Republican,Hoggatt,/,"24,474",10.90%,,,
403,Louisiana,LA,3rd,Democratic,LeBlanc,/,"23,641",10.50%,,,
404,Louisiana,LA,3rd,Democratic,LeBrun,/,"21,172",9.40%,,,
405,Louisiana,LA,3rd,Republican,Payne,/,"4,012",1.80%,,,
406,Louisiana,LA,3rd,Independent,Wiggins,/,"3,255",1.40%,,,
407,Louisiana,LA,3rd,Republican,Shaheen,/,"1,955",0.90%,,,
408,Louisiana,LA,3rd,Libertarian Party,McLendon,/,"1,620",0.70%,,,
409,Louisiana,LA,4th,Republican,Johnson,incumbment,,Uncontested,,,
410,Louisiana,LA,5th,Republican,Letlow,incumbment,"151,080",67.60%,,,
411,Louisiana,LA,5th,Democratic,Dantzler,/,"35,149",15.70%,,,
412,Louisiana,LA,5th,Democratic,Huff,/,"19,383",8.70%,,,
413,Louisiana,LA,5th,Republican,Guillory,/,"12,159",5.40%,,,
414,Louisiana,LA,5th,Republican,Pullen,/,"5,782",2.60%,,,
415,Louisiana,LA,6th,Republican,Graves,incumbment,"189,684",80.40%,,,
416,Louisiana,LA,6th,Libertarian Party,Craig,/,"30,709",13.00%,,,
417,Louisiana,LA,6th,Republican,Belzer,/,"15,535",6.60%,,,
418,Maine,ME,1st,Democratic,Pingree,incumbment,"218,630",62.80%,,,
419,Maine,ME,1st,Republican,Thelander,/,"128,996",37.10%,,,
420,Maine,ME,1st,,Total Write-Ins ,/,362,0.10%,,,
421,Maine,ME,2nd,Democratic,Golden,incumbment,"165,136",53.10%,,,
422,Maine,ME,2nd,Republican,Poliquin,/,"146,142",46.90%,,,
423,Maine,ME,2nd,Independent,Bond,/,0,0.00%,,,
424,Maryland,MD,1st,Republican,Harris,incumbment,"159,673",54.50%,,,
425,Maryland,MD,1st,Democratic,Mizeur,/,"126,511",43.20%,,,
426,Maryland,MD,1st,Libertarian Party,Thibeault,/,"6,924",2.40%,,,
427,Maryland,MD,2nd,Democratic,Ruppersberger,incumbment,"159,000",59.30%,,,
428,Maryland,MD,2nd,Republican,Ambrose,/,"109,081",40.70%,,,
429,Maryland,MD,3rd,Democratic,Sarbanes,incumbment,"175,514",60.20%,,,
430,Maryland,MD,3rd,Republican,Morgan,/,"115,801",39.80%,,,
431,Maryland,MD,4th,Democratic,Ivey,/,"144,204",90.30%,,,
432,Maryland,MD,4th,Republican,Warner,/,"15,441",9.70%,,,
433,Maryland,MD,5th,Democratic,Hoyer,incumbment,"182,478",66.00%,,,
434,Maryland,MD,5th,Republican,Palombi,/,"94,000",34.00%,,,
435,Maryland,MD,6th,Democratic,Trone,incumbment,"140,295",54.80%,,,
436,Maryland,MD,6th,Republican,Parrott,/,"115,771",45.20%,,,
437,Maryland,MD,7th,Democratic,Mfume,incumbment,"151,640",82.20%,,,
438,Maryland,MD,7th,Republican,Collier,/,"32,737",17.80%,,,
439,Maryland,MD,8th,Democratic,Raskin,incumbment,"211,842",80.30%,,,
440,Maryland,MD,8th,Republican,Coll,/,"47,965",18.20%,,,
441,Maryland,MD,8th,Libertarian Party,Garcia,/,"4,125",1.60%,,,
442,Massachusetts,MA,1st,Democratic,Neal,incumbment,"153,402",61.40%,,,
443,Massachusetts,MA,1st,Republican,Martilli,/,"96,499",38.60%,,,
444,Massachusetts,MA,2nd,Democratic,McGovern,incumbment,"178,472",66.20%,,,
445,Massachusetts,MA,2nd,Republican,Sossa-Paquette,/,"91,100",33.80%,,,
446,Massachusetts,MA,3rd,Democratic,Trahan,incumbment,"145,507",63.80%,,,
447,Massachusetts,MA,3rd,Republican,Tran,/,"82,628",36.20%,,,
448,Massachusetts,MA,4th,Democratic,Auchincloss,incumbment,,Uncontested,,,
449,Massachusetts,MA,5th,Democratic,Clark,incumbment,"198,617",73.80%,,,
450,Massachusetts,MA,5th,Republican,Colarusso,/,"70,694",26.20%,,,
451,Massachusetts,MA,6th,Democratic,Moulton,incumbment,"190,062",62.70%,,,
452,Massachusetts,MA,6th,Republican,May,/,"107,496",35.40%,,,
453,Massachusetts,MA,6th,Libertarian Party,Tashjian,/,"5,727",1.90%,,,
454,Massachusetts,MA,7th,Democratic,Pressley,incumbment,"144,902",84.50%,,,
455,Massachusetts,MA,7th,Republican,Palmer,/,"26,481",15.50%,,,
456,Massachusetts,MA,8th,Democratic,Lynch,incumbment,"184,084",69.50%,,,
457,Massachusetts,MA,8th,Republican,Burke,/,"80,961",30.50%,,,
458,Massachusetts,MA,9th,Democratic,Keating,incumbment,"193,426",59.40%,,,
459,Massachusetts,MA,9th,Republican,Brown,/,"131,936",40.60%,,,
460,Michigan,MI,1st,Republican,Bergman,incumbment,"231,652",59.90%,,,
461,Michigan,MI,1st,Democratic,Lorinser,/,"144,952",37.50%,,,
462,Michigan,MI,1st,,Hakola ,/,"5,480",1.40%,,,
463,Michigan,MI,1st,Libertarian Party,Gale,/,"4,569",1.20%,,,
464,Michigan,MI,2nd,Republican,Moolenaar,incumbment,"215,092",63.70%,,,
465,Michigan,MI,2nd,Democratic,Hilliard,/,"115,710",34.30%,,,
466,Michigan,MI,2nd,Libertarian Party,Hewer,/,"6,818",2.00%,,,
467,Michigan,MI,3rd,Democratic,Scholten,/,"186,109",54.80%,,,
468,Michigan,MI,3rd,Republican,Gibbs,/,"142,321",41.90%,,,
469,Michigan,MI,3rd,Libertarian Party,Lewis,/,"6,718",2.00%,,,
470,Michigan,MI,3rd,,Palus ,/,"4,192",1.20%,,,
471,Michigan,MI,4th,Republican,Huizenga,incumbment,"185,778",54.40%,,,
472,Michigan,MI,4th,Democratic,Alfonso,/,"145,041",42.50%,,,
473,Michigan,MI,4th,Libertarian Party,Wenke,/,"8,525",2.50%,,,
474,Michigan,MI,4th,,Clark ,/,"2,260",0.70%,,,
475,Michigan,MI,5th,Republican,Walberg,incumbment,"196,498",62.50%,,,
476,Michigan,MI,5th,Democratic,Goldberg,/,"109,549",34.90%,,,
477,Michigan,MI,5th,Libertarian Party,Peterson,/,"5,089",1.60%,,,
478,Michigan,MI,5th,,Scott ,/,"3,116",1.00%,,,
479,Michigan,MI,6th,Democratic,Dingell,incumbment,"241,763",65.90%,,,
480,Michigan,MI,6th,Republican,Williams,/,"125,168",34.10%,,,
481,Michigan,MI,7th,Democratic,Slotkin,incumbment,"192,828",51.70%,,,
482,Michigan,MI,7th,Republican,Barrett,/,"172,619",46.30%,,,
483,Michigan,MI,7th,Libertarian Party,Dailey,/,"7,276",2.00%,,,
484,Michigan,MI,8th,Democratic,Kildee,incumbment,"178,318",53.10%,,,
485,Michigan,MI,8th,Republican,Junge,/,"143,845",42.80%,,,
486,Michigan,MI,8th,,Goodwin ,/,"9,077",2.70%,,,
487,Michigan,MI,8th,Libertarian Party,Canny,/,"4,580",1.40%,,,
488,Michigan,MI,9th,Republican,McClain,incumbment,"238,289",63.90%,,,
489,Michigan,MI,9th,Democratic,Jaye,/,"123,692",33.20%,,,
490,Michigan,MI,9th,,Walkowicz ,/,"6,570",1.80%,,,
491,Michigan,MI,9th,Libertarian Party,Kelts,/,"4,349",1.20%,,,
492,Michigan,MI,10th,Republican,James,/,"159,203",48.80%,,,
493,Michigan,MI,10th,Democratic,Marlinga,/,"157,602",48.30%,,,
494,Michigan,MI,10th,,Kirby ,/,"5,905",1.80%,,,
495,Michigan,MI,10th,Libertarian Party,Saliba,/,"3,524",1.10%,,,
496,Michigan,MI,11th,Democratic,Stevens,incumbment,"224,080",61.30%,,,
497,Michigan,MI,11th,Republican,Ambrose,/,"141,312",38.70%,,,
498,Michigan,MI,12th,Democratic,Tlaib,incumbment,"196,601",70.80%,,,
499,Michigan,MI,12th,Republican,Elliott,/,"72,889",26.30%,,,
500,Michigan,MI,12th,,Walkowicz ,/,"8,046",2.90%,,,
501,Michigan,MI,13th,Democratic,Thanedar,/,"166,203",71.10%,,,
502,Michigan,MI,13th,Republican,Bivings,/,"56,111",24.00%,,,
503,Michigan,MI,13th,,Coleman ,/,"8,811",3.80%,,,
504,Michigan,MI,13th,,Dardzinski ,/,"2,763",1.20%,,,
505,Minnesota,MN,1st,Republican,Finstad,incumbment,"159,621",53.90%,,,
506,Minnesota,MN,1st,Democratic,Ettinger,/,"125,457",42.30%,,,
507,Minnesota,MN,1st,,Reisdorf ,/,"6,389",2.20%,,,
508,Minnesota,MN,1st,,Abrahamson ,/,"4,943",1.70%,,,
509,Minnesota,MN,2nd,Democratic,Craig,incumbment,"165,583",51.00%,,,
510,Minnesota,MN,2nd,Republican,Kistner,/,"148,576",45.70%,,,
511,Minnesota,MN,2nd,,Overby ,/,"10,728",3.30%,,,
512,Minnesota,MN,3rd,Democratic,Phillips,incumbment,"198,883",59.60%,,,
513,Minnesota,MN,3rd,Republican,Weiler,/,"134,797",40.40%,,,
514,Minnesota,MN,4th,Democratic,McCollum,incumbment,"200,055",67.70%,,,
515,Minnesota,MN,4th,Republican,Xiong,/,"95,493",32.30%,,,
516,Minnesota,MN,5th,Democratic,Omar,incumbment,"214,224",75.20%,,,
517,Minnesota,MN,5th,Republican,Davis,/,"70,702",24.80%,,,
518,Minnesota,MN,6th,Republican,Emmer,incumbment,"198,145",62.10%,,,
519,Minnesota,MN,6th,Democratic,Hendricks,/,"120,852",37.90%,,,
520,Minnesota,MN,7th,Republican,Fischbach,incumbment,"204,766",67.00%,,,
521,Minnesota,MN,7th,Democratic,Abahsain,/,"84,455",27.60%,,,
522,Minnesota,MN,7th,,Johnson ,/,"16,421",5.40%,,,
523,Minnesota,MN,8th,Republican,Stauber,incumbment,"188,755",57.20%,,,
524,Minnesota,MN,8th,Democratic,Schultz,/,"141,009",42.80%,,,
525,Mississippi,MS,1st,Republican,Kelly,incumbment,"122,152",73.00%,,,
526,Mississippi,MS,1st,Democratic,Black,/,"45,238",27.00%,,,
527,Mississippi,MS,2nd,Democratic,Thompson,incumbment,"108,285",60.10%,,,
528,Mississippi,MS,2nd,Republican,Flowers,/,"71,884",39.90%,,,
529,Mississippi,MS,3rd,Republican,Guest,incumbment,"132,481",70.70%,,,
530,Mississippi,MS,3rd,Democratic,Young,/,"54,803",29.30%,,,
531,Mississippi,MS,4th,Republican,Ezell,/,"127,813",73.30%,,,
532,Mississippi,MS,4th,Democratic,DuPree,/,"42,876",24.60%,,,
533,Mississippi,MS,4th,Libertarian Party,Johnson,/,"3,569",2.00%,,,
534,Missouri,MO,1st,Democratic,Bush,incumbment,"160,042",72.80%,,,
535,Missouri,MO,1st,Republican,Jones,/,"53,572",24.40%,,,
536,Missouri,MO,1st,Libertarian Party,Zsidisin,/,"6,166",2.80%,,,
537,Missouri,MO,2nd,Republican,Wagner,incumbment,"173,035",54.90%,,,
538,Missouri,MO,2nd,Democratic,Gunby,/,"135,639",43.00%,,,
539,Missouri,MO,2nd,Libertarian Party,Slantz,/,"6,486",2.10%,,,
540,Missouri,MO,3rd,Republican,Luetkemeyer,incumbment,"180,358",65.20%,,,
541,Missouri,MO,3rd,Democratic,Mann,/,"96,465",34.80%,,,
542,Missouri,MO,4th,Republican,Alford,/,"181,023",71.30%,,,
543,Missouri,MO,4th,Democratic,Truman,/,"66,671",26.30%,,,
544,Missouri,MO,4th,Libertarian Party,Langkraehr,/,"6,090",2.40%,,,
545,Missouri,MO,5th,Democratic,Cleaver,incumbment,"139,882",60.90%,,,
546,Missouri,MO,5th,Republican,Turk,/,"83,794",36.50%,,,
547,Missouri,MO,5th,Libertarian Party,Dominick,/,"5,830",2.50%,,,
548,Missouri,MO,6th,Republican,Graves,incumbment,"184,070",70.30%,,,
549,Missouri,MO,6th,Democratic,Martin,/,"71,939",27.50%,,,
550,Missouri,MO,6th,Libertarian Party,Maidment,/,"5,745",2.20%,,,
551,Missouri,MO,7th,Republican,Burlison,/,"177,957",70.90%,,,
552,Missouri,MO,7th,Democratic,Radaker-Sheafer,/,"67,082",26.70%,,,
553,Missouri,MO,7th,Libertarian Party,Craig,/,"5,839",2.30%,,,
554,Missouri,MO,8th,Republican,Smith,incumbment,"186,259",76.00%,,,
555,Missouri,MO,8th,Democratic,McCallian,/,"53,661",21.90%,,,
556,Missouri,MO,8th,Libertarian Party,Higgins,/,"5,175",2.10%,,,
557,Montana,MT,1st,Republican,Zinke,/,"123,102",49.60%,,,
558,Montana,MT,1st,Democratic,Tranel,/,"115,265",46.50%,,,
559,Montana,MT,1st,Libertarian Party,Lamb,/,"9,593",3.90%,,,
560,Montana,MT,2nd,Republican,Rosendale,incumbment,"121,979",56.60%,,,
561,Montana,MT,2nd,Independent,Buchanan,/,"47,195",21.90%,,,
562,Montana,MT,2nd,Democratic,Ronning,/,"43,480",20.20%,,,
563,Montana,MT,2nd,Libertarian Party,Rankin,/,"3,018",1.40%,,,
564,Nebraska,NE,1st,Republican,Flood,incumbment,"127,671",58.10%,,,
565,Nebraska,NE,1st,Democratic,Pansing Brooks,/,"91,940",41.90%,,,
566,Nebraska,NE,2nd,Republican,Bacon,incumbment,"111,388",51.50%,,,
567,Nebraska,NE,2nd,Democratic,Vargas,/,"104,868",48.50%,,,
568,Nebraska,NE,3rd,Republican,Smith,incumbment,"171,967",78.30%,,,
569,Nebraska,NE,3rd,Democratic,Else,/,"34,703",15.80%,,,
570,Nebraska,NE,3rd,,Elworth ,/,"12,915",5.90%,,,
571,Nevada,NV,1st,Democratic,Titus,incumbment,"114,916",51.60%,,,
572,Nevada,NV,1st,Republican,Robertson,/,"102,355",45.90%,,,
573,Nevada,NV,1st,Libertarian Party,Cavanaugh,/,"5,502",2.50%,,,
574,Nevada,NV,2nd,Republican,Amodei,incumbment,"181,689",59.70%,,,
575,Nevada,NV,2nd,Democratic,Krause,/,"115,186",37.90%,,,
576,Nevada,NV,2nd,,Best ,/,"4,076",1.30%,,,
577,Nevada,NV,2nd,Libertarian Party,Baber,/,"3,351",1.10%,,,
578,Nevada,NV,3rd,Democratic,Lee,incumbment,"130,237",52.00%,,,
579,Nevada,NV,3rd,Republican,Becker,/,"120,102",48.00%,,,
580,Nevada,NV,4th,Democratic,Horsford,incumbment,"115,836",52.40%,,,
581,Nevada,NV,4th,Republican,Peters,/,"105,037",47.60%,,,
582,New Hampshire,NH,1st,Democratic,Pappas,incumbment,"166,852",54.00%,,,
583,New Hampshire,NH,1st,Republican,Leavitt,/,"141,899",46.00%,,,
584,New Hampshire,NH,2nd,Democratic,McLane Kuster,incumbment,"171,733",55.90%,,,
585,New Hampshire,NH,2nd,Republican,Burns,/,"135,567",44.10%,,,
586,New Jersey,NJ,1st,Democratic,Norcross,incumbment,"139,559",62.30%,,,
587,New Jersey,NJ,1st,Republican,Gustafson,/,"78,794",35.20%,,,
588,New Jersey,NJ,1st,Independent,Kline,/,"3,343",1.50%,,,
589,New Jersey,NJ,1st,Independent,Fletcher,/,"1,546",0.70%,,,
590,New Jersey,NJ,1st,Independent,Cannon,/,642,0.30%,,,
591,New Jersey,NJ,2nd,Republican,Van Drew,incumbment,"139,216",58.90%,,,
592,New Jersey,NJ,2nd,Democratic,Alexander,/,"94,521",40.00%,,,
593,New Jersey,NJ,2nd,Independent,Gallo,/,"1,825",0.80%,,,
594,New Jersey,NJ,2nd,Independent,Sanchez,/,920,0.40%,,,
595,New Jersey,NJ,3rd,Democratic,Kim,incumbment,"150,497",55.50%,,,
596,New Jersey,NJ,3rd,Republican,Healey,/,"118,413",43.60%,,,
597,New Jersey,NJ,3rd,Independent,Russomanno,/,"1,347",0.50%,,,
598,New Jersey,NJ,3rd,Independent,Sobocinski,/,"1,116",0.40%,,,
599,New Jersey,NJ,4th,Republican,Smith,incumbment,"173,288",66.90%,,,
600,New Jersey,NJ,4th,Democratic,Jenkins,/,"81,233",31.40%,,,
601,New Jersey,NJ,4th,Independent,Cullen,/,"1,902",0.70%,,,
602,New Jersey,NJ,4th,Independent,Schmidt,/,"1,197",0.50%,,,
603,New Jersey,NJ,4th,Independent,Schroeder,/,905,0.30%,,,
604,New Jersey,NJ,4th,Independent,Daniels,/,437,0.20%,,,
605,New Jersey,NJ,5th,Democratic,Gottheimer,incumbment,"145,559",54.70%,,,
606,New Jersey,NJ,5th,Republican,Pallotta,/,"117,873",44.30%,,,
607,New Jersey,NJ,5th,Independent,Marcus,/,"1,193",0.40%,,,
608,New Jersey,NJ,5th,Independent,Ferrigno,/,700,0.30%,,,
609,New Jersey,NJ,5th,Independent,Vellucci,/,618,0.20%,,,
610,New Jersey,NJ,6th,Democratic,Pallone,incumbment,"106,238",57.50%,,,
611,New Jersey,NJ,6th,Republican,Kiley,/,"75,839",41.00%,,,
612,New Jersey,NJ,6th,Independent,Fisher,/,"1,361",0.70%,,,
613,New Jersey,NJ,6th,Independent,Soni,/,947,0.50%,,,
614,New Jersey,NJ,6th,Independent,Antisell,/,534,0.30%,,,
615,New Jersey,NJ,7th,Republican,Kean Jr.,/,"159,392",51.40%,,,
616,New Jersey,NJ,7th,Democratic,Malinowski,incumbment,"150,701",48.60%,,,
617,New Jersey,NJ,8th,Democratic,Menendez,/,"78,371",73.60%,,,
618,New Jersey,NJ,8th,Republican,Arroyo,/,"24,956",23.40%,,,
619,New Jersey,NJ,8th,Independent,Kuniansky,/,"1,016",1.00%,,,
620,New Jersey,NJ,8th,Independent,Delaney,/,758,0.70%,,,
621,New Jersey,NJ,8th,Independent,Cook,/,714,0.70%,,,
622,New Jersey,NJ,8th,Independent,Olivera,/,399,0.40%,,,
623,New Jersey,NJ,8th,Independent,Salierno,/,246,0.20%,,,
624,New Jersey,NJ,9th,Democratic,Pascrell,incumbment,"82,457",55.00%,,,
625,New Jersey,NJ,9th,Republican,Prempeh,/,"65,365",43.60%,,,
626,New Jersey,NJ,9th,Independent,Sherman,/,"1,108",0.70%,,,
627,New Jersey,NJ,9th,Independent,Armstrong,/,"1,054",0.70%,,,
628,New Jersey,NJ,10th,Democratic,Payne Jr.,incumbment,"100,644",77.60%,,,
629,New Jersey,NJ,10th,Republican,Pinckney,/,"25,984",20.00%,,,
630,New Jersey,NJ,10th,Independent,Johnson,/,"1,989",1.50%,,,
631,New Jersey,NJ,10th,Independent,Ludden,/,634,0.50%,,,
632,New Jersey,NJ,10th,Independent,Childress,/,380,0.30%,,,
633,New Jersey,NJ,11th,Democratic,Sherrill,incumbment,"161,238",59.00%,,,
634,New Jersey,NJ,11th,Republican,DeGroot,/,"109,944",40.20%,,,
635,New Jersey,NJ,11th,Independent,Biasco,/,"2,276",0.80%,,,
636,New Jersey,NJ,12th,Democratic,Watson Coleman,incumbment,"125,127",63.10%,,,
637,New Jersey,NJ,12th,Republican,Mayfield,/,"71,175",35.90%,,,
638,New Jersey,NJ,12th,Independent,Genrich,/,"1,925",1.00%,,,
639,New Mexico,NM,1st,Democratic,Stansbury,incumbment,"156,386",55.80%,,,
640,New Mexico,NM,1st,Republican,Garcia Holmes,/,"124,115",44.20%,,,
641,New Mexico,NM,2nd,Democratic,Vasquez,/,"96,984",50.30%,,,
642,New Mexico,NM,2nd,Republican,Herrell,incumbment,"95,638",49.70%,,,
643,New Mexico,NM,3rd,Democratic,Leger Fernandez,incumbment,"134,195",58.20%,,,
644,New Mexico,NM,3rd,Republican,Martinez Johnson,/,"96,560",41.80%,,,
645,New York,NY,1st,Republican,LaLota,/,"173,275",55.90%,,,
646,New York,NY,1st,Democratic,Fleming,/,"136,899",44.10%,,,
647,New York,NY,2nd,Republican,Garbarino,incumbment,"148,654",61.00%,,,
648,New York,NY,2nd,Democratic,Gordon,/,"95,217",39.00%,,,
649,New York,NY,3rd,Republican,Santos,/,"142,673",54.10%,,,
650,New York,NY,3rd,Democratic,Zimmerman,/,"121,094",45.90%,,,
651,New York,NY,4th,Republican,D'Esposito,/,"139,063",51.90%,,,
652,New York,NY,4th,Democratic,Gillen,/,"129,077",48.10%,,,
653,New York,NY,5th,Democratic,Meeks,incumbment,"97,981",75.20%,,,
654,New York,NY,5th,Republican,King,/,"32,393",24.80%,,,
655,New York,NY,6th,Democratic,Meng,incumbment,"79,506",63.30%,,,
656,New York,NY,6th,Republican,Zmich,/,"46,188",36.70%,,,
657,New York,NY,7th,Democratic,Velazquez,incumbment,"111,968",80.50%,,,
658,New York,NY,7th,Republican,Pagan,/,"27,142",19.50%,,,
659,New York,NY,8th,Democratic,Jeffries,incumbment,"93,295",72.40%,,,
660,New York,NY,8th,Republican,Dashevsky,/,"35,486",27.60%,,,
661,New York,NY,9th,Democratic,Clarke,incumbment,"111,162",82.20%,,,
662,New York,NY,9th,,Raitport ,/,"24,143",17.80%,,,
663,New York,NY,10th,Democratic,Goldman,/,"149,261",83.90%,,,
664,New York,NY,10th,Republican,Hamdan,/,"27,230",15.30%,,,
665,New York,NY,10th,,Speer ,/,"1,357",0.80%,,,
666,New York,NY,11th,Republican,Malliotakis,incumbment,"113,485",62.10%,,,
667,New York,NY,11th,Democratic,Rose,/,"69,241",37.90%,,,
668,New York,NY,12th,Democratic,Nadler,incumbment,"186,357",81.70%,,,
669,New York,NY,12th,Republican,Zumbluskas,/,"41,264",18.10%,,,
670,New York,NY,12th,,Itkis ,/,583,0.30%,,,
671,New York,NY,13th,Democratic,Espaillat,incumbment,,Uncontested,,,
672,New York,NY,14th,Democratic,Ocasio-Cortez,incumbment,"78,788",70.60%,,,
673,New York,NY,14th,Republican,Forte,/,"30,661",27.50%,,,
674,New York,NY,14th,,Cuellar ,/,"2,128",1.90%,,,
675,New York,NY,15th,Democratic,Torres,incumbment,"72,610",82.60%,,,
676,New York,NY,15th,Republican,Sapaskis,/,"15,265",17.40%,,,
677,New York,NY,16th,Democratic,Bowman,incumbment,"131,550",64.20%,,,
678,New York,NY,16th,Republican,Flisser,/,"73,385",35.80%,,,
679,New York,NY,17th,Republican,Lawler,/,"142,206",50.40%,,,
680,New York,NY,17th,Democratic,Maloney,incumbment,"139,892",49.60%,,,
681,New York,NY,18th,Democratic,Ryan,incumbment,"132,365",50.50%,,,
682,New York,NY,18th,Republican,Schmitt,/,"129,757",49.50%,,,
683,New York,NY,19th,Republican,Molinaro,/,"144,075",51.10%,,,
684,New York,NY,19th,Democratic,Riley,/,"137,873",48.90%,,,
685,New York,NY,20th,Democratic,Tonko,incumbment,"159,015",55.00%,,,
686,New York,NY,20th,Republican,Joy,/,"130,012",45.00%,,,
687,New York,NY,21st,Republican,Stefanik,incumbment,"166,536",59.40%,,,
688,New York,NY,21st,Democratic,Castelli,/,"113,882",40.60%,,,
689,New York,NY,22nd,Republican,Williams,/,"135,061",50.50%,,,
690,New York,NY,22nd,Democratic,Conole,/,"132,432",49.50%,,,
691,New York,NY,23rd,Republican,Langworthy,/,"189,790",65.00%,,,
692,New York,NY,23rd,Democratic,Della Pia,/,"102,323",35.00%,,,
693,New York,NY,24th,Republican,Tenney,incumbment,"181,679",66.40%,,,
694,New York,NY,24th,Democratic,Holden,/,"91,793",33.60%,,,
695,New York,NY,25th,Democratic,Morelle,incumbment,"148,681",53.60%,,,
696,New York,NY,25th,Republican,Singletary,/,"128,502",46.40%,,,
697,New York,NY,26th,Democratic,Higgins,incumbment,"154,477",63.90%,,,
698,New York,NY,26th,Republican,Sams,/,"87,189",36.10%,,,
699,North Carolina,NC,1st,Democratic,Davis,/,"134,996",52.40%,,,
700,North Carolina,NC,1st,Republican,Smith,/,"122,780",47.60%,,,
701,North Carolina,NC,2nd,Democratic,Ross,incumbment,"190,714",64.70%,,,
702,North Carolina,NC,2nd,Republican,Villaverde,/,"104,155",35.30%,,,
703,North Carolina,NC,3rd,Republican,Murphy,incumbment,"166,520",66.90%,,,
704,North Carolina,NC,3rd,Democratic,Gaskins,/,"82,378",33.10%,,,
705,North Carolina,NC,4th,Democratic,Foushee,/,"194,983",66.90%,,,
706,North Carolina,NC,4th,Republican,Geels,/,"96,442",33.10%,,,
707,North Carolina,NC,5th,Republican,Foxx,incumbment,"175,279",63.20%,,,
708,North Carolina,NC,5th,Democratic,Parrish,/,"102,269",36.80%,,,
709,North Carolina,NC,6th,Democratic,Manning,incumbment,"139,553",53.90%,,,
710,North Carolina,NC,6th,Republican,Castelli,/,"116,635",45.00%,,,
711,North Carolina,NC,6th,Libertarian Party,Watercott,/,"2,810",1.10%,,,
712,North Carolina,NC,7th,Republican,Rouzer,incumbment,"164,047",57.70%,,,
713,North Carolina,NC,7th,Democratic,Graham,/,"120,222",42.30%,,,
714,North Carolina,NC,8th,Republican,Bishop,incumbment,"183,998",69.90%,,,
715,North Carolina,NC,8th,Democratic,Huffman,/,"79,192",30.10%,,,
716,North Carolina,NC,9th,Republican,Hudson,incumbment,"131,453",56.50%,,,
717,North Carolina,NC,9th,Democratic,Clark,/,"101,202",43.50%,,,
718,North Carolina,NC,10th,Republican,McHenry,incumbment,"194,681",72.70%,,,
719,North Carolina,NC,10th,Democratic,Genant,/,"73,174",27.30%,,,
720,North Carolina,NC,11th,Republican,Edwards,/,"174,232",53.80%,,,
721,North Carolina,NC,11th,Democratic,Beach-Ferrara,/,"144,165",44.50%,,,
722,North Carolina,NC,11th,Libertarian Party,Coatney,/,"5,515",1.70%,,,
723,North Carolina,NC,12th,Democratic,Adams,incumbment,"140,494",62.70%,,,
724,North Carolina,NC,12th,Republican,Lee,/,"83,415",37.30%,,,
725,North Carolina,NC,13th,Democratic,Nickel,/,"143,090",51.60%,,,
726,North Carolina,NC,13th,Republican,Hines,/,"134,256",48.40%,,,
727,North Carolina,NC,14th,Democratic,Jackson,/,"148,738",57.70%,,,
728,North Carolina,NC,14th,Republican,Harrigan,/,"109,014",42.30%,,,
729,North Dakota,ND,,Republican,Kelly Armstrong,incumbment,"147,980",62.30%,,,
730,North Dakota,ND,,Independent,Cara Mund,/,"89,371",37.70%,,,
731,Ohio,OH,1st,Democratic,Landsman,/,"151,418",52.50%,,,
732,Ohio,OH,1st,Republican,Chabot,incumbment,"137,213",47.50%,,,
733,Ohio,OH,2nd,Republican,Wenstrup,incumbment,"188,300",74.50%,,,
734,Ohio,OH,2nd,Democratic,Meadows,/,"64,329",25.50%,,,
735,Ohio,OH,3rd,Democratic,Beatty,incumbment,"174,846",70.20%,,,
736,Ohio,OH,3rd,Republican,Stahley,/,"74,335",29.80%,,,
737,Ohio,OH,4th,Republican,Jordan,incumbment,"196,655",69.30%,,,
738,Ohio,OH,4th,Democratic,Wilson,/,"87,106",30.70%,,,
739,Ohio,OH,5th,Republican,Latta,incumbment,"184,205",67.00%,,,
740,Ohio,OH,5th,Democratic,Swartz,/,"90,614",33.00%,,,
741,Ohio,OH,6th,Republican,Johnson,incumbment,"186,965",67.70%,,,
742,Ohio,OH,6th,Democratic,Lyras,/,"89,086",32.30%,,,
743,Ohio,OH,7th,Republican,Miller,/,"164,904",55.40%,,,
744,Ohio,OH,7th,Democratic,Diemer,/,"132,548",44.60%,,,
745,Ohio,OH,8th,Republican,Davidson,incumbment,"177,132",64.90%,,,
746,Ohio,OH,8th,Democratic,Enoch,/,"95,829",35.10%,,,
747,Ohio,OH,9th,Democratic,Kaptur,incumbment,"147,512",56.50%,,,
748,Ohio,OH,9th,Republican,Majewski,/,"113,363",43.50%,,,
749,Ohio,OH,10th,Republican,Turner,incumbment,"161,792",62.20%,,,
750,Ohio,OH,10th,Democratic,Esrati,/,"98,383",37.80%,,,
751,Ohio,OH,11th,Democratic,Brown,incumbment,"162,154",77.60%,,,
752,Ohio,OH,11th,Republican,Brewer,/,"46,862",22.40%,,,
753,Ohio,OH,12th,Republican,Balderson,incumbment,"187,322",69.50%,,,
754,Ohio,OH,12th,Democratic,Rippel-Elton,/,"82,101",30.50%,,,
755,Ohio,OH,13th,Democratic,Sykes,/,"146,621",52.60%,,,
756,Ohio,OH,13th,Republican,Gesiotto Gilbert,/,"132,181",47.40%,,,
757,Ohio,OH,14th,Republican,Joyce,incumbment,"180,251",61.90%,,,
758,Ohio,OH,14th,Democratic,Kilboy,/,"111,155",38.10%,,,
759,Ohio,OH,15th,Republican,Carey,incumbment,"140,012",57.20%,,,
760,Ohio,OH,15th,Democratic,Josephson,/,"104,613",42.80%,,,
761,Oklahoma,OK,1st,Republican,Hern,incumbment,"142,620",61.20%,,,
762,Oklahoma,OK,1st,Democratic,Martin,/,"80,835",34.70%,,,
763,Oklahoma,OK,1st,Independent,Rogers,/,"9,693",4.20%,,,
764,Oklahoma,OK,2nd,Republican,Brecheen,/,"167,687",72.40%,,,
765,Oklahoma,OK,2nd,Democratic,Andrews,/,"54,149",23.40%,,,
766,Oklahoma,OK,2nd,Independent,Robinson,/,"9,623",4.20%,,,
767,Oklahoma,OK,3rd,Republican,Lucas,incumbment,"147,302",74.50%,,,
768,Oklahoma,OK,3rd,Democratic,Ross,/,"50,320",25.50%,,,
769,Oklahoma,OK,4th,Republican,Cole,incumbment,"149,777",66.80%,,,
770,Oklahoma,OK,4th,Democratic,Brannon,/,"74,598",33.20%,,,
771,Oklahoma,OK,5th,Republican,Bice,incumbment,"152,567",59.00%,,,
772,Oklahoma,OK,5th,Democratic,Harris-Till,/,"96,709",37.40%,,,
773,Oklahoma,OK,5th,Independent,Frosch,/,"9,318",3.60%,,,
774,Oregon,OR,1st,Democratic,Bonamici,incumbment,"210,682",68.00%,,,
775,Oregon,OR,1st,Republican,Mann,/,"99,042",32.00%,,,
776,Oregon,OR,2nd,Republican,Bentz,incumbment,"208,369",67.60%,,,
777,Oregon,OR,2nd,Democratic,Yetter,/,"99,882",32.40%,,,
778,Oregon,OR,3rd,Democratic,Blumenauer,incumbment,"212,119",70.00%,,,
779,Oregon,OR,3rd,Republican,Harbour,/,"79,766",26.30%,,,
780,Oregon,OR,3rd,,Delk ,/,"10,982",3.60%,,,
781,Oregon,OR,4th,Democratic,Hoyle,/,"171,372",50.60%,,,
782,Oregon,OR,4th,Republican,Skarlatos,/,"146,055",43.10%,,,
783,Oregon,OR,4th,Independent,Leatherberry,/,"9,052",2.70%,,,
784,Oregon,OR,4th,,Howard ,/,"6,075",1.80%,,,
785,Oregon,OR,4th,,Beilstein ,/,"6,033",1.80%,,,
786,Oregon,OR,5th,Republican,Chavez-DeRemer,/,"178,813",51.00%,,,
787,Oregon,OR,5th,Democratic,McLeod-Skinner,/,"171,514",49.00%,,,
788,Oregon,OR,6th,Democratic,Salinas,/,"147,156",50.10%,,,
789,Oregon,OR,6th,Republican,Erickson,/,"139,946",47.60%,,,
790,Oregon,OR,6th,,McFarland ,/,"6,762",2.30%,,,
791,Pennsylvania,PA,1st,Republican,Fitzpatrick,incumbment,"201,567",54.90%,,,
792,Pennsylvania,PA,1st,Democratic,Ehasz,/,"165,796",45.10%,,,
793,Pennsylvania,PA,2nd,Democratic,Boyle,incumbment,"141,229",75.70%,,,
794,Pennsylvania,PA,2nd,Republican,Bashir,/,"45,454",24.30%,,,
795,Pennsylvania,PA,3rd,Democratic,Evans,incumbment,"251,116",95.10%,,,
796,Pennsylvania,PA,3rd,,Hoeppner ,/,"12,820",4.90%,,,
797,Pennsylvania,PA,4th,Democratic,Dean,incumbment,"224,799",61.30%,,,
798,Pennsylvania,PA,4th,Republican,Nascimento,/,"141,986",38.70%,,,
799,Pennsylvania,PA,5th,Democratic,Scanlon,incumbment,"205,128",65.10%,,,
800,Pennsylvania,PA,5th,Republican,Galluch,/,"110,058",34.90%,,,
801,Pennsylvania,PA,6th,Democratic,Houlahan,incumbment,"190,386",58.30%,,,
802,Pennsylvania,PA,6th,Republican,Ciarrocchi,/,"136,097",41.70%,,,
803,Pennsylvania,PA,7th,Democratic,Wild,incumbment,"151,358",51.00%,,,
804,Pennsylvania,PA,7th,Republican,Scheller,/,"145,523",49.00%,,,
805,Pennsylvania,PA,8th,Democratic,Cartwright,incumbment,"146,502",51.20%,,,
806,Pennsylvania,PA,8th,Republican,Bognet,/,"139,468",48.80%,,,
807,Pennsylvania,PA,9th,Republican,Meuser,incumbment,"208,413",69.30%,,,
808,Pennsylvania,PA,9th,Democratic,Waldman,/,"92,258",30.70%,,,
809,Pennsylvania,PA,10th,Republican,Perry,incumbment,"168,810",53.90%,,,
810,Pennsylvania,PA,10th,Democratic,Daniels,/,"144,161",46.10%,,,
811,Pennsylvania,PA,11th,Republican,Smucker,incumbment,"194,392",61.60%,,,
812,Pennsylvania,PA,11th,Democratic,Hollister,/,"121,089",38.40%,,,
813,Pennsylvania,PA,12th,Democratic,Lee,/,"184,674",56.20%,,,
814,Pennsylvania,PA,12th,Republican,Doyle,/,"143,846",43.80%,,,
815,Pennsylvania,PA,13th,Republican,Joyce,incumbment,,Uncontested,,,
816,Pennsylvania,PA,14th,Republican,Reschenthaler,incumbment,,Uncontested,,,
817,Pennsylvania,PA,15th,Republican,Thompson,incumbment,"213,818",70.00%,,,
818,Pennsylvania,PA,15th,Democratic,Molesevich,/,"91,670",30.00%,,,
819,Pennsylvania,PA,16th,Republican,Kelly,incumbment,"190,064",59.40%,,,
820,Pennsylvania,PA,16th,Democratic,Pastore,/,"130,003",40.60%,,,
821,Pennsylvania,PA,17th,Democratic,Deluzio,/,"193,393",53.40%,,,
822,Pennsylvania,PA,17th,Republican,Shaffer,/,"168,902",46.60%,,,
823,Rhode Island,RI,1st,Democratic,Cicilline,incumbment,"99,802",64.10%,,,
824,Rhode Island,RI,1st,Republican,Waters,/,"55,909",35.90%,,,
825,Rhode Island,RI,2nd,Democratic,Magaziner,/,"100,919",50.50%,,,
826,Rhode Island,RI,2nd,Republican,Fung,/,"93,637",46.80%,,,
827,Rhode Island,RI,2nd,Independent,Gilbert,/,"5,454",2.70%,,,
828,South Carolina,SC,1st,Republican,Mace,incumbment,"153,757",56.50%,,,
829,South Carolina,SC,1st,Democratic,Andrews,/,"115,796",42.50%,,,
830,South Carolina,SC,1st,,Oddo ,/,"2,634",1.00%,,,
831,South Carolina,SC,2nd,Republican,Wilson,incumbment,"147,699",60.10%,,,
832,South Carolina,SC,2nd,Democratic,Larkins,/,"98,081",39.90%,,,
833,South Carolina,SC,3rd,Republican,Duncan,incumbment,,Uncontested,,,
834,South Carolina,SC,4th,Republican,Timmons,incumbment,,Uncontested,,,
835,South Carolina,SC,5th,Republican,Norman,incumbment,"154,725",64.00%,,,
836,South Carolina,SC,5th,Democratic,Hundley,/,"83,299",34.50%,,,
837,South Carolina,SC,5th,,Gaither,/,"3,547",1.50%,,,
838,South Carolina,SC,6th,Democratic,Clyburn,incumbment,"130,923",62.10%,,,
839,South Carolina,SC,6th,Republican,Buckner,/,"79,879",37.90%,,,
840,South Carolina,SC,7th,Republican,Fry,/,"164,440",64.90%,,,
841,South Carolina,SC,7th,Democratic,Scott,/,"89,030",35.10%,,,
842,South Dakota,SD,,Republican,Dusty Johnson,incumbment,"253,786",77.40%,,,
843,South Dakota,SD,,Libertarian Party,Collin Duprel,/,"74,010",22.60%,,,
844,Tennessee,TN,1st,Republican,Harshbarger,incumbment,"147,253",78.30%,,,
845,Tennessee,TN,1st,Democratic,Parsons,/,"37,032",19.70%,,,
846,Tennessee,TN,1st,Independent,Baker,/,"2,466",1.30%,,,
847,Tennessee,TN,1st,Independent,Makrom,/,"1,245",0.70%,,,
848,Tennessee,TN,2nd,Republican,Burchett,incumbment,"141,041",67.90%,,,
849,Tennessee,TN,2nd,Democratic,Harmon,/,"66,637",32.10%,,,
850,Tennessee,TN,3rd,Republican,Fleischmann,incumbment,"136,193",68.30%,,,
851,Tennessee,TN,3rd,Democratic,Gorman,/,"60,250",30.20%,,,
852,Tennessee,TN,3rd,Independent,Tyler,/,"1,731",0.90%,,,
853,Tennessee,TN,3rd,Independent,Rumba,/,"1,117",0.60%,,,
854,Tennessee,TN,4th,Republican,DesJarlais,incumbment,"122,336",70.60%,,,
855,Tennessee,TN,4th,Democratic,Steele,/,"44,628",25.70%,,,
856,Tennessee,TN,4th,Independent,Winton,/,"2,834",1.60%,,,
857,Tennessee,TN,4th,Independent,Benson,/,"1,804",1.00%,,,
858,Tennessee,TN,4th,Independent,Jones,/,708,0.40%,,,
859,Tennessee,TN,4th,Independent,Chandler,/,584,0.30%,,,
860,Tennessee,TN,4th,Independent,Magyer,/,454,0.30%,,,
861,Tennessee,TN,5th,Republican,Ogles,/,"123,358",55.90%,,,
862,Tennessee,TN,5th,Democratic,Campbell,/,"93,375",42.30%,,,
863,Tennessee,TN,5th,Independent,Brantley,/,"2,083",0.90%,,,
864,Tennessee,TN,5th,Independent,Cooper,/,"1,125",0.50%,,,
865,Tennessee,TN,5th,Independent,Shannon,/,846,0.40%,,,
866,Tennessee,TN,6th,Republican,Rose,incumbment,"129,311",66.30%,,,
867,Tennessee,TN,6th,Democratic,Cooper,/,"65,598",33.70%,,,
868,Tennessee,TN,7th,Republican,Green,incumbment,"108,358",60.00%,,,
869,Tennessee,TN,7th,Democratic,Kelly,/,"68,897",38.10%,,,
870,Tennessee,TN,7th,Independent,Hooper,/,"3,423",1.90%,,,
871,Tennessee,TN,8th,Republican,Kustoff,incumbment,"156,628",73.90%,,,
872,Tennessee,TN,8th,Democratic,Williams,/,"51,826",24.40%,,,
873,Tennessee,TN,8th,Independent,Hart,/,"2,532",1.20%,,,
874,Tennessee,TN,8th,Independent,Henley,/,"1,062",0.50%,,,
875,Tennessee,TN,9th,Democratic,Cohen,incumbment,"93,755",70.00%,,,
876,Tennessee,TN,9th,Republican,Bergmann,/,"35,112",26.20%,,,
877,Tennessee,TN,9th,Independent,Flinn,/,"3,348",2.50%,,,
878,Tennessee,TN,9th,Independent,Clark,/,"1,160",0.90%,,,
879,Tennessee,TN,9th,Independent,Cook,/,484,0.40%,,,
880,Texas,TX,1st,Republican,Moran,/,"183,005",78.10%,,,
881,Texas,TX,1st,Democratic,Jefferson,/,"51,288",21.90%,,,
882,Texas,TX,2nd,Republican,Crenshaw,incumbment,"151,369",65.90%,,,
883,Texas,TX,2nd,Democratic,Fulford,/,"78,216",34.10%,,,
884,Texas,TX,3rd,Republican,Self,/,"163,945",60.60%,,,
885,Texas,TX,3rd,Democratic,Srivastava,/,"99,764",36.90%,,,
886,Texas,TX,3rd,Libertarian Party,Claytor,/,"6,890",2.50%,,,
887,Texas,TX,4th,Republican,Fallon,incumbment,"170,467",66.80%,,,
888,Texas,TX,4th,Democratic,Omere,/,"78,866",30.90%,,,
889,Texas,TX,4th,Libertarian Party,Simmons,/,"6,035",2.40%,,,
890,Texas,TX,5th,Republican,Gooden,incumbment,"135,990",64.10%,,,
891,Texas,TX,5th,Democratic,Hill,/,"71,770",33.80%,,,
892,Texas,TX,5th,Libertarian Party,Hale,/,"4,296",2.00%,,,
893,Texas,TX,6th,Republican,Ellzey,incumbment,,Uncontested,,,
894,Texas,TX,7th,Democratic,Fletcher,incumbment,"115,390",63.80%,,,
895,Texas,TX,7th,Republican,Teague,/,"65,593",36.20%,,,
896,Texas,TX,8th,Republican,Luttrell,/,"152,797",68.10%,,,
897,Texas,TX,8th,Democratic,Jones,/,"68,485",30.50%,,,
898,Texas,TX,8th,Libertarian Party,Eriksen,/,"3,117",1.40%,,,
899,Texas,TX,9th,Democratic,Green,incumbment,"124,893",76.70%,,,
900,Texas,TX,9th,Republican,Leon,/,"38,019",23.30%,,,
901,Texas,TX,10th,Republican,McCaul,incumbment,"158,784",63.30%,,,
902,Texas,TX,10th,Democratic,Nuno,/,"86,123",34.30%,,,
903,Texas,TX,10th,Libertarian Party,Kelsey,/,"6,051",2.40%,,,
904,Texas,TX,11th,Republican,Pfluger,incumbment,,Uncontested,,,
905,Texas,TX,12th,Republican,Granger,incumbment,"152,732",64.30%,,,
906,Texas,TX,12th,Democratic,Hunt,/,"84,879",35.70%,,,
907,Texas,TX,13th,Republican,Jackson,incumbment,"161,562",75.40%,,,
908,Texas,TX,13th,Democratic,Brown,/,"52,739",24.60%,,,
909,Texas,TX,14th,Republican,Weber,incumbment,"149,317",68.60%,,,
910,Texas,TX,14th,Democratic,Williams,/,"68,386",31.40%,,,
911,Texas,TX,15th,Republican,De La Cruz,/,"80,869",53.30%,,,
912,Texas,TX,15th,Democratic,Vallejo,/,"67,913",44.80%,,,
913,Texas,TX,15th,Libertarian Party,Leone,/,"2,808",1.90%,,,
914,Texas,TX,16th,Democratic,Escobar,incumbment,"94,266",63.30%,,,
915,Texas,TX,16th,Republican,Armendariz-Jackson,/,"54,697",36.70%,,,
916,Texas,TX,17th,Republican,Sessions,incumbment,"144,183",66.50%,,,
917,Texas,TX,17th,Democratic,Woods,/,"72,647",33.50%,,,
918,Texas,TX,18th,Democratic,Jackson Lee,incumbment,"109,968",70.70%,,,
919,Texas,TX,18th,Republican,Montiel,/,"40,761",26.20%,,,
920,Texas,TX,18th,Independent,Duncan,/,"2,753",1.80%,,,
921,Texas,TX,18th,Libertarian Party,Kurtz,/,"2,044",1.30%,,,
922,Texas,TX,19th,Republican,Arrington,incumbment,"152,042",80.40%,,,
923,Texas,TX,19th,Independent,Lewis,/,"37,158",19.60%,,,
924,Texas,TX,20th,Democratic,Castro,incumbment,"114,822",68.40%,,,
925,Texas,TX,20th,Republican,Sinclair,/,"53,059",31.60%,,,
926,Texas,TX,21st,Republican,Roy,incumbment,"206,786",62.90%,,,
927,Texas,TX,21st,Democratic,Zapata,/,"121,936",37.10%,,,
928,Texas,TX,22nd,Republican,Nehls,incumbment,"149,757",62.30%,,,
929,Texas,TX,22nd,Democratic,Jordan,/,"85,440",35.50%,,,
930,Texas,TX,22nd,Libertarian Party,LeBlanc,/,"5,362",2.20%,,,
931,Texas,TX,23rd,Republican,Gonzales,incumbment,"116,172",55.90%,,,
932,Texas,TX,23rd,Democratic,Lira,/,"80,430",38.70%,,,
933,Texas,TX,23rd,Independent,Lopez,/,"11,123",5.40%,,,
934,Texas,TX,24th,Republican,Van Duyne,incumbment,"177,121",59.80%,,,
935,Texas,TX,24th,Democratic,McDowell,/,"119,097",40.20%,,,
936,Texas,TX,25th,Republican,Williams,incumbment,,Uncontested,,,
937,Texas,TX,26th,Republican,Burgess,incumbment,"183,379",69.30%,,,
938,Texas,TX,26th,Libertarian Party,Kolls,/,"81,208",30.70%,,,
939,Texas,TX,27th,Republican,Cloud,incumbment,"133,286",64.50%,,,
940,Texas,TX,27th,Democratic,Perez,/,"73,370",35.50%,,,
941,Texas,TX,28th,Democratic,Cuellar,incumbment,"93,393",56.60%,,,
942,Texas,TX,28th,Republican,Garcia,/,"71,564",43.40%,,,
943,Texas,TX,29th,Democratic,Garcia,incumbment,"71,379",71.40%,,,
944,Texas,TX,29th,Republican,Schafranek,/,"28,635",28.60%,,,
945,Texas,TX,30th,Democratic,Crockett,/,"134,011",75.00%,,,
946,Texas,TX,30th,Republican,Rodgers,/,"39,022",21.80%,,,
947,Texas,TX,30th,Independent,Manning,/,"3,807",2.10%,,,
948,Texas,TX,30th,Libertarian Party,Gray,/,"1,862",1.00%,,,
949,Texas,TX,31st,Republican,Carter,incumbment,,Uncontested,,,
950,Texas,TX,32nd,Democratic,Allred,incumbment,"115,350",65.30%,,,
951,Texas,TX,32nd,Republican,Swad,/,"61,232",34.70%,,,
952,Texas,TX,33rd,Democratic,Veasey,incumbment,"81,764",72.00%,,,
953,Texas,TX,33rd,Republican,Gillespie,/,"29,099",25.60%,,,
954,Texas,TX,33rd,Libertarian Party,Ashby,/,"2,736",2.40%,,,
955,Texas,TX,34th,Democratic,Gonzalez,incumbment,"70,759",52.70%,,,
956,Texas,TX,34th,Republican,Flores,incumbment,"59,404",44.30%,,,
957,Texas,TX,34th,Independent,Royal,/,"4,076",3.00%,,,
958,Texas,TX,35th,Democratic,Casar,/,"129,084",72.60%,,,
959,Texas,TX,35th,Republican,McQueen,/,"48,831",27.40%,,,
960,Texas,TX,36th,Republican,Babin,incumbment,"145,142",69.50%,,,
961,Texas,TX,36th,Democratic,Haire,/,"63,697",30.50%,,,
962,Texas,TX,37th,Democratic,Doggett,incumbment,"219,149",76.80%,,,
963,Texas,TX,37th,Republican,Garcia Sharon,/,"59,879",21.00%,,,
964,Texas,TX,37th,Libertarian Party,Patterson,/,"6,329",2.20%,,,
965,Texas,TX,38th,Republican,Hunt,/,"162,992",63.00%,,,
966,Texas,TX,38th,Democratic,Klussmann,/,"91,768",35.50%,,,
967,Texas,TX,38th,Independent,Dejean,/,"3,953",1.50%,,,
968,Utah,UT,1st,Republican,Moore,incumbment,"178,434",67.00%,,,
969,Utah,UT,1st,Democratic,Jones,/,"87,986",33.00%,,,
970,Utah,UT,2nd,Republican,Stewart,incumbment,"154,883",59.70%,,,
971,Utah,UT,2nd,Democratic,Mitchell,/,"88,224",34.00%,,,
972,Utah,UT,2nd,,McFarland ,/,"8,622",3.30%,,,
973,Utah,UT,2nd,,Easley ,/,"7,670",3.00%,,,
974,Utah,UT,3rd,Republican,Curtis,incumbment,"182,497",64.40%,,,
975,Utah,UT,3rd,Democratic,Wright,/,"83,687",29.50%,,,
976,Utah,UT,3rd,Libertarian Party,Stoddard,/,"8,287",2.90%,,,
977,Utah,UT,3rd,,Cummings ,/,"4,874",1.70%,,,
978,Utah,UT,3rd,,Heineman ,/,"4,035",1.40%,,,
979,Utah,UT,4th,Republican,Owens,incumbment,"155,110",61.10%,,,
980,Utah,UT,4th,Democratic,McDonald,/,"82,181",32.40%,,,
981,Utah,UT,4th,,Walker ,/,"16,740",6.60%,,,
982,Vermont,VT,,Democratic,Becca Balint,/,"175,484",62.70%,,,
983,Vermont,VT,,Republican,Liam Madden,/,"78,167",27.90%,,,
984,Vermont,VT,,Libertarian Party,Ericka Redic,/,"12,563",4.50%,,,
985,Vermont,VT,,Independent,Matt Druzba,/,"5,686",2.00%,,,
986,Vermont,VT,,Independent,Luke Talbot,/,"4,412",1.60%,,,
987,Vermont,VT,,Independent,Adam Ortiz,/,"3,370",1.20%,,,
988,Virginia,VA,1st,Republican,Wittman,incumbment,"197,789",56.50%,,,
989,Virginia,VA,1st,Democratic,Jones,/,"148,884",42.50%,,,
990,Virginia,VA,1st,Independent,Foster,/,"3,391",1.00%,,,
991,Virginia,VA,2nd,Republican,Kiggans,/,"153,328",51.70%,,,
992,Virginia,VA,2nd,Democratic,Luria,incumbment,"143,219",48.30%,,,
993,Virginia,VA,3rd,Democratic,Scott,incumbment,"139,659",67.40%,,,
994,Virginia,VA,3rd,Republican,Namkung,/,"67,668",32.60%,,,
995,Virginia,VA,4th,Democratic,McEachin,incumbment,"159,912",64.40%,,,
996,Virginia,VA,4th,Republican,Benjamin,/,"88,587",35.60%,,,
997,Virginia,VA,5th,Republican,Good,incumbment,"177,191",57.70%,,,
998,Virginia,VA,5th,Democratic,Throneburg,/,"129,996",42.30%,,,
999,Virginia,VA,6th,Republican,Cline,incumbment,"173,352",64.50%,,,
1000,Virginia,VA,6th,Democratic,Lewis,/,"95,410",35.50%,,,
1001,Virginia,VA,7th,Democratic,Spanberger,incumbment,"143,357",52.30%,,,
1002,Virginia,VA,7th,Republican,Vega,/,"130,586",47.70%,,,
1003,Virginia,VA,8th,Democratic,Beyer,incumbment,"197,760",73.70%,,,
1004,Virginia,VA,8th,Republican,Lipsman,/,"66,589",24.80%,,,
1005,Virginia,VA,8th,Independent,Fikre,/,"4,078",1.50%,,,
1006,Virginia,VA,9th,Republican,Griffith,incumbment,"182,207",73.40%,,,
1007,Virginia,VA,9th,Democratic,DeVaughan,/,"66,027",26.60%,,,
1008,Virginia,VA,10th,Democratic,Wexton,incumbment,"157,405",53.30%,,,
1009,Virginia,VA,10th,Republican,Cao,/,"138,163",46.70%,,,
1010,Virginia,VA,11th,Democratic,Connolly,incumbment,"193,190",66.90%,,,
1011,Virginia,VA,11th,Republican,Myles,/,"95,634",33.10%,,,
1012,Washington,WA,1st,Democratic,DelBene,incumbment,"181,992",63.60%,,,
1013,Washington,WA,1st,Republican,Cavaleri,/,"104,329",36.40%,,,
1014,Washington,WA,2nd,Democratic,Larsen,incumbment,"202,980",60.20%,,,
1015,Washington,WA,2nd,Republican,Matthews,/,"134,335",39.80%,,,
1016,Washington,WA,3rd,Democratic,Gluesenkamp Perez,/,"160,314",50.40%,,,
1017,Washington,WA,3rd,Republican,Kent,/,"157,685",49.60%,,,
1018,Washington,WA,4th,Republican,Newhouse,incumbment,"150,619",68.10%,,,
1019,Washington,WA,4th,Democratic,White,/,"70,710",31.90%,,,
1020,Washington,WA,5th,Republican,McMorris Rodgers,incumbment,"188,648",59.70%,,,
1021,Washington,WA,5th,Democratic,Hill,/,"127,585",40.30%,,,
1022,Washington,WA,6th,Democratic,Kilmer,incumbment,"208,710",60.10%,,,
1023,Washington,WA,6th,Republican,Kreiselmaier,/,"138,754",39.90%,,,
1024,Washington,WA,7th,Democratic,Jayapal,incumbment,"295,998",85.70%,,,
1025,Washington,WA,7th,Republican,Moon,/,"49,207",14.30%,,,
1026,Washington,WA,8th,Democratic,Schrier,incumbment,"179,003",53.40%,,,
1027,Washington,WA,8th,Republican,Larkin,/,"155,976",46.60%,,,
1028,Washington,WA,9th,Democratic,Smith,incumbment,"171,746",71.70%,,,
1029,Washington,WA,9th,Republican,Basler,/,"67,631",28.30%,,,
1030,Washington,WA,10th,Democratic,Strickland,incumbment,"152,544",57.10%,,,
1031,Washington,WA,10th,Republican,Swank,/,"114,777",42.90%,,,
1032,West Virginia,WV,1st,Republican,Miller,incumbment,"151,511",66.70%,,,
1033,West Virginia,WV,1st,Democratic,Watson,/,"65,428",28.80%,,,
1034,West Virginia,WV,1st,Independent,Fox-Spencer,/,"10,257",4.50%,,,
1035,West Virginia,WV,2nd,Republican,Mooney,incumbment,"160,493",65.60%,,,
1036,West Virginia,WV,2nd,Democratic,Wendell,/,"84,278",34.40%,,,
1037,Wisconsin,WI,1st,Republican,Steil,incumbment,"162,566",54.10%,,,
1038,Wisconsin,WI,1st,Democratic,Roe,/,"135,791",45.20%,,,
1039,Wisconsin,WI,1st,Independent,Barman,/,"2,247",0.70%,,,
1040,Wisconsin,WI,2nd,Democratic,Pocan,incumbment,"268,740",71.00%,,,
1041,Wisconsin,WI,2nd,Republican,Olsen,/,"101,889",26.90%,,,
1042,Wisconsin,WI,2nd,Independent,Alexander,/,"7,689",2.00%,,,
1043,Wisconsin,WI,3rd,Republican,Van Orden,/,"164,633",51.80%,,,
1044,Wisconsin,WI,3rd,Democratic,Pfaff,/,"152,939",48.20%,,,
1045,Wisconsin,WI,4th,Democratic,Moore,incumbment,"192,226",75.40%,,,
1046,Wisconsin,WI,4th,Republican,Rogers,/,"57,660",22.60%,,,
1047,Wisconsin,WI,4th,Independent,Raymond,/,"5,165",2.00%,,,
1048,Wisconsin,WI,5th,Republican,Fitzgerald,incumbment,"243,734",64.40%,,,
1049,Wisconsin,WI,5th,Democratic,Van Someren,/,"134,572",35.60%,,,
1050,Wisconsin,WI,6th,Republican,Grothman,incumbment,,Uncontested,,,
1051,Wisconsin,WI,7th,Republican,Tiffany,incumbment,"209,270",61.90%,,,
1052,Wisconsin,WI,7th,Democratic,Ausman,/,"128,895",38.10%,,,
1053,Wisconsin,WI,8th,Republican,Gallagher,incumbment,"223,806",73.50%,,,
1054,Wisconsin,WI,8th,Independent,Boucher,/,"48,757",16.00%,,,
1055,Wisconsin,WI,8th,Libertarian Party,VandenPlas,/,"32,043",10.50%,,,
1056,Wyoming,WY,,Republican,Harriet Hageman,/,"132,215",69.80%,,,
1057,Wyoming,WY,,Democratic,Lynnette GreyBull,/,"47,241",24.90%,,,
1058,Wyoming,WY,,Libertarian Party,Richard Brubaker,/,"5,420",2.90%,,,
1059,Wyoming,WY,,,Marissa Selvig ,/,"4,503",2.40%,,,
